{"0.07727885685139047":{"user_id":1},"0.17607423023444402":{"user_id":1}}